entry_id,relation_labels,humanistic_object,evidence_span,authority,pass1_note
YC1920E-0001,"CRITICISM|IDENTIFICATION_UPDATE","geographical/onomastic identification","identification ... appears completely untenable","TRANSCRIPTION_ONLY","Two distinct cited objections; act segmentation required."
YC1920E-0002,"ADDITIVE_EVIDENCE","geographical/toponymic context","See also A. Pozdneiev","TRANSCRIPTION_ONLY","Bibliographic/contextual addition; no explicit contradiction."
YC1920E-0003,"ADDITIVE_EVIDENCE","linguistic/institutional context","On the linguistic office called Sse yi kwan, cf. ... Maspero","TRANSCRIPTION_ONLY","Adds later research to Polo's language-learning passage."
YC1920E-0004,"FACTUAL_CORRECTION|QUALIFICATION|ADDITIVE_EVIDENCE","script/linguistic knowledge","we do not know any k'itan inscription","TRANSCRIPTION_ONLY","Corrects earlier state-of-knowledge claim; entry also adds Uighur-script evidence. Multi-act."
YC1920E-0005,"ADDITIVE_EVIDENCE","economic/material geography","The products of the country are camels, sheep and dates","TRANSCRIPTION_ONLY","Adds an external source parallel to the Basra description."
YC1920E-0006,"TEXTUAL_UPDATE|ADDITIVE_EVIDENCE","lexical/textile terminology","au lieu de nassit, il faut évidemment lire nassij","TRANSCRIPTION_ONLY","Proposes a reading/lexical correction and adds textile interpretation."
YC1920E-0007,"ADDITIVE_EVIDENCE","chronology/political history","Mostas'im was put to death ... on the 4th of safar, 656","TRANSCRIPTION_ONLY","Adds a dated historical source."
YC1920E-0008,"QUALIFICATION|ADDITIVE_EVIDENCE","economic geography","it should not be concluded that this industry did not exist elsewhere","TRANSCRIPTION_ONLY","Explicitly narrows an inference that could be drawn from Polo's Tauris statement."
YC1920E-0009,"CORROBORATION|IDENTIFICATION_UPDATE","religious/geographical identification","the name is rightly applied","TRANSCRIPTION_ONLY","Corroborates the fire-worship description and proposes Kashan/vicinity identification."
YC1920E-0010,"ADDITIVE_EVIDENCE|QUALIFICATION","religious/historical identification","The allusion is vague and undated","TRANSCRIPTION_ONLY","Adds Chinese evidence while explicitly limiting its certainty."
YC1920E-0011,"ADDITIVE_EVIDENCE","legend/source context","Regarding the legend ... cf. F. W. K. Müller","TRANSCRIPTION_ONLY","Cross-reference only; no explicit evaluative reversal."
YC1920E-0012,"IDENTIFICATION_UPDATE","material/lexical identification","ondanique ... is almost certainly the pin t'ieh","TRANSCRIPTION_ONLY","Identifies Polo's term with a Chinese iron term."
YC1920E-0013,"CORROBORATION|ADDITIVE_EVIDENCE","natural history/material culture","sheep at Hami with tails so heavy that they could not walk","TRANSCRIPTION_ONLY","Multiple external sources extend/corroborate the fat-tailed sheep report; act segmentation required."
YC1920E-0014,"CORROBORATION|ADDITIVE_EVIDENCE","natural history/material culture","probably the oldest mention of this sheep from Arabia","TRANSCRIPTION_ONLY","Adds older comparative evidence for the same phenomenon."
YC1920E-0015,"ADDITIVE_EVIDENCE","ethnonym/tribal history","the Moghul called the Chaghatái Karáwánás","TRANSCRIPTION_ONLY","Adds alternative historical/linguistic material; the displayed wording does not yet license a direct correction label."
YC1920E-0016,"ADDITIVE_EVIDENCE|IDENTIFICATION_UPDATE","route reconstruction","in Ariora can be recognized ... the present Agror","TRANSCRIPTION_ONLY","Stein uses geography to reconstruct Nigudar's route and identify Ariora."
YC1920E-0017,"TEXTUAL_UPDATE","numismatic/textual reading","Korano ... is to be read Košano","TRANSCRIPTION_ONLY","Explicit reading correction."
YC1920E-0018,"ADDITIVE_EVIDENCE","ethnographic/bibliographic context","On the Mongols of Afghanistan, see Ramstedt","TRANSCRIPTION_ONLY","Bibliographic addition only."
YC1920E-0019,"ADDITIVE_EVIDENCE","political chronology","His successors in Polo's time were ...","TRANSCRIPTION_ONLY","Adds ruler chronology; target identification needs later comparison before stronger coding."
YC1920E-0020,"ADDITIVE_EVIDENCE|QUALIFICATION","political chronology/source history","Yule places the founding somewhat earlier","TRANSCRIPTION_ONLY","Adds later source-history discussion and contrasts approximate founding dates without a categorical correction."
