carrier_hypothesis_id,task_id,distinction,baseline_carriers,preferred_baseline_basis,substitution_after_main_T,interaction_partner,interaction_mechanism,status
CH01,TAU_PM_CROSSLAYER,temporal_order,"B_STRUCTURED_METADATA|B_LEXICAL_CUE|B_CROSS_LAYER_CONTEXT","B_STRUCTURED_METADATA","TD_TEMPORAL -> B_LEXICAL_CUE|B_CROSS_LAYER_CONTEXT","TA_SPAN","restrict cross-layer context after chronology metadata removal; lexical cues may or may not suffice",FROZEN_HYPOTHESIS
CH02,TAU_PM_CROSSLAYER,claim_binding,"B_EXPLICIT_POINTER|B_LEXICAL_CUE|B_CROSS_LAYER_CONTEXT","B_EXPLICIT_POINTER","TR_BINDING -> B_LEXICAL_CUE|B_CROSS_LAYER_CONTEXT","TA_SPAN","remove pointer then restrict contextual rebinding route",FROZEN_HYPOTHESIS
CH03,TAU_PM_CROSSLAYER,evidence_relation,"B_STRUCTURED_METADATA|B_LEXICAL_CUE|B_CROSS_LAYER_CONTEXT","B_STRUCTURED_METADATA","TR_EVIDENCE -> B_LEXICAL_CUE|B_CROSS_LAYER_CONTEXT","TA_SPAN","remove typed relation edge then restrict contextual reconstruction",FROZEN_HYPOTHESIS
CH04,TAU_KS_EYEWITNESS,temporal_order,"B_STRUCTURED_METADATA|B_LEXICAL_CUE|B_CROSS_LAYER_CONTEXT","B_STRUCTURED_METADATA","TD_TEMPORAL -> B_LEXICAL_CUE|B_CROSS_LAYER_CONTEXT","TA_SPAN","later-layer status may require cross-layer context once explicit chronology is removed",FROZEN_HYPOTHESIS
CH05,TAU_KS_EYEWITNESS,claim_binding,"B_EXPLICIT_POINTER|B_LEXICAL_CUE|B_CROSS_LAYER_CONTEXT","B_EXPLICIT_POINTER","TR_BINDING -> B_LEXICAL_CUE|B_CROSS_LAYER_CONTEXT","TA_SPAN","remove eyewitness-status binding then restrict contextual rebinding",FROZEN_HYPOTHESIS
CH06,TAU_KS_EYEWITNESS,evidence_relation,"B_STRUCTURED_METADATA|B_LEXICAL_CUE|B_CROSS_LAYER_CONTEXT","B_STRUCTURED_METADATA","TR_EVIDENCE -> B_LEXICAL_CUE|B_CROSS_LAYER_CONTEXT","TA_SPAN","remove typed challenge/qualification edge then restrict contextual recovery",FROZEN_HYPOTHESIS
CH07,TAU_COAL_NOTE,claim_binding,"B_EXPLICIT_POINTER|B_LEXICAL_CUE|B_LOCAL_CONTEXT","B_EXPLICIT_POINTER","TR_BINDING -> B_LEXICAL_CUE|B_LOCAL_CONTEXT","TA_SPAN","remove binding pointer and withhold local note context",FROZEN_HYPOTHESIS
CH08,TAU_COAL_NOTE,evidence_relation,"B_STRUCTURED_METADATA|B_LEXICAL_CUE|B_LOCAL_CONTEXT","B_STRUCTURED_METADATA","TR_EVIDENCE -> B_LEXICAL_CUE|B_LOCAL_CONTEXT","TA_SPAN","remove typed relation and test whether focal lexical cues alone sustain recovery",FROZEN_HYPOTHESIS
CH09,TAU_KS_REVENUE,witness_identity,"B_LEXICAL_CUE|B_LOCAL_CONTEXT","B_LEXICAL_CUE","TD_ATTRIBUTION -> B_LEXICAL_CUE|B_LOCAL_CONTEXT","TA_SPAN","HELD: attribution is intrinsic to focal span in current carrier hypothesis; no first-wave interaction",HELD_NO_PRIMARY_INTERACTION
