object_id,episode,year,printed_locus,proposition_id,actor,mediator,target_proposition_id,relation_to_target,modality,evidence_basis,verification_authority,proposition_summary
R3OBJ-PASH-01,PASHAI,1903,"I:164-165",PASH-PROV-1903,EARLIER_EDITORIAL_NOTE,,,"BASE_POSITION","PROBABLE","earlier editorial reasoning","PAGE_VERIFIED_BOTH","Personal visit is not established; information is conjectured to derive from a Mongol/hearsay source."
R3OBJ-PASH-02,PASHAI,1920,"34-35",PASH-PROV-1920,STEIN,CORDIER,PASH-PROV-1903,"CORROBORATION","ASSERTED","explicit agreement transmitted by Cordier","PAGE_VERIFIED_BOTH","Stein expressly agrees with the earlier source-critical judgment."
R3OBJ-PASH-03,PASHAI,1903,"I:164-165",PASH-ROUTE-1903,EARLIER_EDITORIAL_NOTE,,,"BASE_POSITION","ALMOST_CERTAIN","earlier route reconstruction","PAGE_VERIFIED_BOTH","The earlier note treats the route through Dorah/Nuksan and Chitral as almost certain."
R3OBJ-PASH-04,PASHAI,1920,"34-35",PASH-ROUTE-1920,STEIN,CORDIER,PASH-ROUTE-1903,"CRITICISM|QUALIFIED_ALTERNATIVE","POSSIBLE","alternative route reasoning transmitted by Cordier","PAGE_VERIFIED_BOTH","Stein questions the necessity of the earlier route and proposes an eastern Kafiristan-to-Dir alternative as possible."
R3OBJ-ARBR-01,ARBRE_SEC,1903,"I:113,128",ARBR-ID-1903,EARLIER_EDITORIAL_NOTE,,,"BASE_POSITION","ASSERTED","botanical identification with objection/response in note","PAGE_VERIFIED_BOTH","The earlier edition identifies the Arbre Sec as an Oriental Plane while already recording a botanical objection and response."
R3OBJ-ARBR-02,ARBRE_SEC,1920,"31",ARBR-ID-HS,HOUTUM_SCHINDLER,CORDIER,ARBR-ID-1903,"COMPETING_IDENTIFICATION","ASSERTED_PROPOSAL","Houtum-Schindler proposal transmitted by Cordier","PAGE_VERIFIED_BOTH","Houtum-Schindler proposes the Cypress of Zoroaster as the identification."
R3OBJ-ARBR-03,ARBRE_SEC,1920,"31",ARBR-REPLY-CORDIER,CORDIER,,ARBR-ID-HS,"BIBLIOGRAPHIC_REPLY","ASSERTED","Cordier points to his earlier reading/citation of Schindler","PAGE_VERIFIED_BOTH","Cordier replies that he had read the earlier Schindler paper and points back to a genuine third-edition citation; explicit adoption of the cypress proposal is not established."
R3OBJ-TUN-01,TUN_O_KAIN,1903,"I:128",TUN-ROUTE-1903,YULE_CORDIER_1903,,,"BASE_POSITION","ASSERTED","earlier route theory; Sykes support reported in source history","PAGE_VERIFIED_BOTH","The earlier edition contains the Yule route theory with Sykes support in its received history."
R3OBJ-TUN-02,TUN_O_KAIN,1920,"25-30",TUN-SYKES-REVISION,SYKES,CORDIER,TUN-ROUTE-1903,"REVISION|CRITICISM","ASSERTED","Sykes's later published revision as transmitted by Cordier","PAGE_VERIFIED_BOTH","Cordier reports that Sykes changed the view previously adopted from Yule."
R3OBJ-TUN-03,TUN_O_KAIN,1920,"25-30",TUN-HEDIN,HEDIN,CORDIER,TUN-ROUTE-1903,"CORROBORATION","EXTREMELY_PROBABLE","Hedin route argument transmitted by Cordier","PAGE_VERIFIED_BOTH","Hedin supports a competing conclusion favorable to Yule, qualified as extremely probable."
R3OBJ-DES-01,GREAT_DESERT,1903,"I:202",DES-FOLK-1903,EARLIER_EDITORIAL_NOTE,,,"BASE_CONTEXT","ASSERTED","comparative desert-folklore discussion","PAGE_VERIFIED_BOTH","The earlier edition supplies comparative discussion of desert spirits and related travel folklore."
R3OBJ-DES-02,GREAT_DESERT,1920,"48-49",DES-FOLK-1920,STEIN,CORDIER,DES-FOLK-1903,"SOURCE_ATTRIBUTION|CORROBORATIVE_CONTEXT","INFERENTIAL","local-folklore interpretation transmitted by Cordier","PAGE_VERIFIED_BOTH","Stein interprets Polo's spirit narrative as locally acquired folklore while acknowledging Yule's earlier comparative discussion."
R3OBJ-DES-03,GREAT_DESERT,1920,"48-49",DES-DIST-1920,STEIN,CORDIER,,"CORROBORATION","MEASURED_APPROXIMATION","plane-table and cyclometer measurements, approximately 380 miles","PAGE_VERIFIED_BOTH","Stein uses survey measurements to corroborate the distance and number of marches."
R3OBJ-URM-01,URUMTSI,1903,"I:201",URM-ACTION-1903,EARLIER_EDITORIAL_NOTE,,,"BASE_TEXT","ASSERTED","printed wording","PAGE_VERIFIED_BOTH","The earlier text says the governor found a town."
R3OBJ-URM-02,URUMTSI,1920,"50",URM-ACTION-1920,CORDIER,,URM-ACTION-1903,"TEXTUAL_CORRECTION|FACTUAL_CORRECTION","ASSERTED","explicit erratum: read founded instead of found","PAGE_VERIFIED_BOTH","Cordier directs substitution of founded for found, changing the described action."
